{
  "KB3D_CSK_BldgLgAirFactory_A_PropellerB": {
    "pivot": [
      224.34040760765967,
      47.71137859489365,
      -230.22465531744658
    ],
    "axis": [
      0.028662106531121796,
      -0.006781533763818071,
      0.9995661531129437
    ]
  },
  "KB3D_CSK_BldgLgAirFactory_A_PropellerA": {
    "pivot": [
      216.4631513191485,
      5.034098524680861,
      -187.8859097191497
    ],
    "axis": [
      2.679470577181002e-07,
      -2.558822786991044e-07,
      0.9999999999999314
    ]
  },
  "KB3D_CSK_BldgLgAirFactory_A_PropellerC": {
    "pivot": [
      231.25144944723343,
      5.034086557446801,
      -187.88590971361768
    ],
    "axis": [
      -4.613942855376844e-08,
      -6.720827355755077e-08,
      0.9999999999999967
    ]
  },
  "KB3D_CSK_BldgLgAirFactory_A_WindmillA": {
    "pivot": [
      224.05579208023067,
      22.14575251126175,
      -193.63220654285445
    ],
    "axis": [
      0.9999999999998798,
      2.835952224229974e-08,
      -4.896026190175203e-07
    ]
  },
  "KB3D_CSK_BldgLgAirFactory_A_PropellerD": {
    "pivot": [
      224.22898855725475,
      36.5070258744666,
      -165.84481808819288
    ],
    "axis": [
      2.520940437047896e-07,
      -2.125746991540195e-07,
      0.9999999999999456
    ]
  },
  "KB3D_CSK_BldgLgAirFactory_A_PropellerE": {
    "pivot": [
      224.250610236131,
      36.50703143741115,
      -160.0925446351351
    ],
    "axis": [
      0.3094736029227028,
      -2.150454605498453e-07,
      -0.9509080339833053
    ]
  },
  "KB3D_CSK_BldgLgAirFactory_A_WindmillB": {
    "pivot": [
      235.92433135532005,
      37.2868079922395,
      -206.92637631596435
    ],
    "axis": [
      0.9999999999999983,
      5.8664740254479805e-08,
      -3.587214396367722e-09
    ]
  },
  "KB3D_CSK_BldgLgAirFactory_A_WindmillD": {
    "pivot": [
      213.87086372793755,
      41.218448655164856,
      -205.71316519553108
    ],
    "axis": [
      0.9999999996558425,
      2.5622457235035766e-05,
      -5.6395571090272485e-06
    ]
  },
  "KB3D_CSK_BldgLgAirFactory_A_WindTurbineD": {
    "pivot": [
      212.7165680134357,
      33.79100018042229,
      -210.9107965182339
    ],
    "axis": [
      -6.857259935268718e-05,
      -0.9999999971295948,
      3.22274533371969e-05
    ]
  },
  "KB3D_CSK_BldgLgAirPort_A_PropellerB": {
    "pivot": [
      85.25582120297875,
      3.26982879829787,
      -182.75100612255275
    ],
    "axis": [
      -3.860470566679706e-07,
      -0.9999999999999156,
      -1.3830949852078334e-07
    ]
  },
  "KB3D_CSK_BldgLgAirPort_A_PropellerC": {
    "pivot": [
      70.87777643276601,
      3.2698135455319166,
      -177.34490899957353
    ],
    "axis": [
      1.2729392511417881e-09,
      0.9999999999998906,
      4.684959307166281e-07
    ]
  },
  "KB3D_CSK_BldgLgAirPort_A_PropellerD": {
    "pivot": [
      86.1937951008512,
      3.2698135548936182,
      -211.11857609702096
    ],
    "axis": [
      9.957316154332034e-09,
      0.9999999999999956,
      -9.291794467181091e-08
    ]
  },
  "KB3D_CSK_BldgLgAirPort_A_PropellerE": {
    "pivot": [
      91.59988476808525,
      3.269824961276589,
      -196.74052363191527
    ],
    "axis": [
      4.2900135509596866e-08,
      0.9999999999999984,
      -4.3065820465315596e-08
    ]
  },
  "KB3D_CSK_BldgLgAirPort_A_PropellerF": {
    "pivot": [
      51.48214659829805,
      3.2698135519148934,
      -198.0670172387236
    ],
    "axis": [
      4.628778598473008e-08,
      -0.9999999999999944,
      -9.604637651872139e-08
    ]
  },
  "KB3D_CSK_BldgLgAirPort_A_PropellerG": {
    "pivot": [
      56.888247505531915,
      3.26981354893617,
      -183.68893422127655
    ],
    "axis": [
      2.9679394183612845e-08,
      -0.9999999999999996,
      1.2872420906973048e-08
    ]
  },
  "KB3D_CSK_BldgLgAirPort_A_PropellerH": {
    "pivot": [
      72.20424724212776,
      3.269824972765961,
      -217.46260144553247
    ],
    "axis": [
      1.6441957287609165e-09,
      -0.9999999999998692,
      -5.113293084502146e-07
    ]
  },
  "KB3D_CSK_BldgLgAirPort_A_PropellerI": {
    "pivot": [
      57.82623675276591,
      3.269813550212767,
      -212.05647378680877
    ],
    "axis": [
      -2.992359251601962e-08,
      0.9999999999999968,
      -7.577773608602456e-08
    ]
  },
  "KB3D_CSK_BldgLgAirPort_A_PropellerJ": {
    "pivot": [
      98.1078940395188,
      8.716941839518906,
      -171.03279105876263
    ],
    "axis": [
      5.656841301228299e-07,
      0.9999999999996955,
      5.383549789295117e-07
    ]
  },
  "KB3D_CSK_BldgLgAirPort_A_PropellerK": {
    "pivot": [
      98.14149268351059,
      2.8591842659574507,
      -171.01037303922874
    ],
    "axis": [
      -0.23996022432699587,
      -0.9572069749501682,
      -0.1617834906524318
    ]
  },
  "KB3D_CSK_BldgLgAirPort_A_PropellerL": {
    "pivot": [
      45.19138311134019,
      8.716941838144319,
      -170.70884783676965
    ],
    "axis": [
      -3.2942595607279793e-07,
      0.9999999999999365,
      1.347226318282324e-07
    ]
  },
  "KB3D_CSK_BldgLgAirPort_A_PropellerM": {
    "pivot": [
      45.17123081648934,
      2.8591842499999953,
      -170.67381473404257
    ],
    "axis": [
      0.14550804808825216,
      -0.9572071014734429,
      -0.25016389193957733
    ]
  },
  "KB3D_CSK_BldgLgAirPort_A_PropellerN": {
    "pivot": [
      97.8459017467354,
      8.716941831958769,
      -224.12271036322971
    ],
    "axis": [
      -5.66660531817017e-07,
      -0.9999999999997173,
      4.939909089562988e-07
    ]
  },
  "KB3D_CSK_BldgLgAirPort_A_PropellerO": {
    "pivot": [
      97.86648876462773,
      2.8591842513297854,
      -224.15748404388302
    ],
    "axis": [
      0.14875553322974797,
      0.9572070023633149,
      -0.2482469455203239
    ]
  },
  "KB3D_CSK_BldgLgAirPort_A_PropellerP": {
    "pivot": [
      44.87221611718214,
      8.71694182989691,
      -223.7914736109959
    ],
    "axis": [
      -5.670302212131446e-07,
      0.9999999999997174,
      -4.935873186839856e-07
    ]
  },
  "KB3D_CSK_BldgLgAirPort_A_PropellerQ": {
    "pivot": [
      44.83361926861701,
      2.85918426728723,
      -223.8033483344413
    ],
    "axis": [
      -0.2761149442890412,
      0.9572069913163185,
      -0.08669090676317304
    ]
  },
  "KB3D_CSK_BldgLgAirPort_A_PropellerA": {
    "pivot": [
      71.70126449948434,
      3.650795213457118,
      -197.3949128259873
    ],
    "axis": [
      1.990359605148841e-08,
      -0.9999999999998814,
      -4.865991171110196e-07
    ]
  },
  "KB3D_CSK_BldgLgAirPort_A_PropellerR": {
    "pivot": [
      71.54100716885921,
      98.44326281257796,
      -197.40373234119568
    ],
    "axis": [
      -2.0721888069342583e-08,
      0.9999999999999928,
      1.1872129490608785e-07
    ]
  },
  "KB3D_CSK_BldgLgAirPort_A_PropellerS": {
    "pivot": [
      14.845709173191494,
      31.9907947357448,
      -191.97906272553186
    ],
    "axis": [
      0.9848077253599816,
      8.686072361374642e-09,
      -0.17364833449042644
    ]
  },
  "KB3D_CSK_BldgLgAirPort_A_PropellerT": {
    "pivot": [
      109.67059457531931,
      31.9907947357448,
      -210.167988014468
    ],
    "axis": [
      0.977065480543431,
      -1.0342282771858002e-07,
      -0.212939068116735
    ]
  },
  "KB3D_CSK_BldgLgAirPort_A_WindTurbineE": {
    "pivot": [
      99.67910763147785,
      53.58797090595024,
      -191.43412782341642
    ],
    "axis": [
      -7.199912214004875e-05,
      -0.9999999971174632,
      2.4108087153806856e-05
    ]
  },
  "KB3D_CSK_BldgLgAirPort_A_WindmillH": {
    "pivot": [
      45.60732648669625,
      57.08378218569853,
      -209.80888376718408
    ],
    "axis": [
      0.8660253461824823,
      -2.209110794293423e-08,
      0.5000000997695013
    ]
  },
  "KB3D_CSK_BldgLgAirPort_A_WindmillJ": {
    "pivot": [
      92.22233605153717,
      61.01541898849818,
      -181.68701156315004
    ],